,Tweet
0,saudara saudara singgung singgung tanah tanah pintar goblok sih prabowo
1,allhamdulilah jabar 80 prabowo baliho doang masyarakat amin
2,ahahahahahahhahaha teman kelas gue pro prabowo goblok banget by the way ira anies tugas bekas akwkwkwkwkwkkwkwkwkwkwkwkkwkwkwk
3,istirahat news sumber data anies debat calon presiden lahan milik prabowo sahih akurat sumber presiden republik indonesia
4,orang pimpin rendah pijak orang puji bullyan laku anies ganjar muak layak pimpin sp emak bawel tukang gosip bukti prabowo
5,prabowo anies pintar goblok sih citra gemoy hancur emosional etika
6,gibran kalah gibran prabowo tahan debat selesai kemarin lusa bawa asa
7,prabowo fair tolak nilai oponen etis wan angin den wadas kenal batas2 norma sabaar ya
8,prabowo anies hati
9,gen z jijik lihat main korban obat tetes mata laku h bikin konten nangisin prabowo ya goblok nangisin orang tanah hektar 5thn calon presiden ug nangisin harap bansos makan pilih presiden 2029 prabowo ajak
10,kalah debat lapor badan awas pilih wkwk anies lapor badan awas pilih duga fitnah 340 hektare lahan prabowo bumerang seret jokowi
11,prabowo mulut harimau henti main korban ambisi korban orang tunai ambisi kuasa rekam jejak rekam demokrasi bangun negeri etik dasar langgar
12,babe haikal takut serang begundal2nya berani bongkar buah busuk kayak bagus bicara tanah prabowo gubernur tanah prabowo jual malu malu babe
13,prabowo yesus zat
14,prabowo singgung tanah pintar goblok sih jokowi bilek
15,mantan loyalis dukung prabowo buka suara kait tuding prabowo hadap anies baswedan suara warganet ambisi 4 kali calon presiden
16,adi sedih prabowo orang menang lihat sah damar hutabarat ucok munandar korban hilang paksa aktivis 98 tinggal jasad anak
17,momen menang prabowo gibran pilih presiden rendah rakyat
18,nilai prabowo subianto anies baswedan banding anies baswedan serang prabowo subianto personal debat calon presiden kemarin malam
19,nyata prabowo gaza lindas lemah ketidakpahaman ketidakpedulian itikad jalan amanat konstitusi dukung merdeka bangsa nyata prabowo komitmen dukung merdeka palestina
20,pangeran dipenogoro tegar cengeng menang pas tangkap leluhur prabowo
21,nilai jeblokk nih
22,prabowo gaya doang ngerangkum ajar ppkn
23,assalamualaikum warga konoha selamat pagi selamat aktivitas prabowo cengeng main korban zalim kuat mental mundur pilih presiden pilih lomba joget joget
24,sibuk kerahin bikin drama main korban mudah googling kuasa materi gerilya main korban pribadi jokowi 2019 bicara diktator bahas tanah prabowo ganjar anies debatcapres
25,ndasmu etik goblok bukti prabowo orang dendam sibuk nyinyir lawan sepe i tangis bungulnya sepe inya prabowo lupa jokowi singgung goblok prabowo tangis
26,susah kalah prabowo warganet tiktok gerak kalang peduli politik suara hati cinta prabowo
27,buzzer kerah bikin drama bahas anggar fair akses kuasa 700 t dikerahin drama main korban kuasa data jujur digoogling debatcapres prabowo
28,bela jokowi eh balas prabowo terima kasih
29,parah sappo jenderal cengeng dendam singgung tanah ribu hektar prabowo singgung pintar goblok cc jokowi jilat maki
